{
  "solver": "combinatorial_bound",
  "energy": 1.9667045804534846,
  "fracture_energy": 1.9667045804534136,
  "elastic_energy": 7.105427357601002e-14,
  "severed_bonds": [
    33,
    41,
    69,
    74,
    78,
    84,
    88,
    132,
    135,
    141,
    160,
    165,
    167,
    174,
    190,
    221,
    228,
    231,
    265,
    274,
    296,
    301,
    307,
    349,
    351,
    356,
    375,
    376,
    382,
    383,
    407,
    417,
    427,
    429,
    433,
    469,
    476,
    484,
    490,
    494,
    503,
    518,
    526
  ],
  "cut_value": 1.9667045804534138,
  "runtime": 0.053627967834472656,
  "note": "Upper bound on relaxed optimum: min-cut topology + free FEM u."
}