{
  "solver": "mincut_rigid",
  "energy": 1.9667045804534138,
  "fracture_energy": 1.9667045804534138,
  "elastic_energy": 0.0,
  "severed_bonds": [
    33,
    41,
    69,
    74,
    78,
    84,
    88,
    132,
    135,
    141,
    160,
    165,
    167,
    174,
    190,
    221,
    228,
    231,
    265,
    274,
    296,
    301,
    307,
    349,
    351,
    356,
    375,
    376,
    382,
    383,
    407,
    417,
    427,
    429,
    433,
    469,
    476,
    484,
    490,
    494,
    503,
    518,
    526
  ],
  "runtime": 0.0182497501373291,
  "note": "Exact min-cut under rigid-block kinematics (Prop 5.1). This is an UPPER BOUND on the relaxed-kinematics optimum."
}