{
  "solver": "gd",
  "energy": 2.4004583921205063,
  "fracture_energy": 2.4004583921198535,
  "elastic_energy": 6.526611906865607e-13,
  "severed_bonds": [
    33,
    41,
    69,
    74,
    78,
    84,
    88,
    128,
    132,
    135,
    141,
    160,
    165,
    167,
    174,
    190,
    202,
    221,
    228,
    231,
    265,
    268,
    274,
    275,
    296,
    301,
    307,
    312,
    341,
    349,
    351,
    356,
    373,
    375,
    376,
    382,
    383,
    407,
    410,
    427,
    429,
    433,
    469,
    476,
    484,
    490,
    494,
    518,
    526
  ],
  "iterations": 4,
  "runtime": 0.3561992645263672,
  "note": "Alternating minimization (local minimum trap per Remark rem:algorithmic_implications (NP-hardness and local minima))."
}