{
  "solver": "ggni",
  "n_steps": 20,
  "energy": 2.764849733152671,
  "fracture_energy": 2.7648497331526,
  "elastic_energy": 7.105427357601002e-14,
  "severed_bonds": [
    7,
    33,
    41,
    69,
    74,
    78,
    84,
    88,
    132,
    135,
    141,
    148,
    154,
    160,
    165,
    167,
    174,
    177,
    180,
    190,
    221,
    228,
    230,
    231,
    264,
    265,
    274,
    277,
    288,
    294,
    296,
    301,
    307,
    333,
    339,
    349,
    351,
    356,
    375,
    376,
    382,
    383,
    407,
    416,
    417,
    427,
    429,
    433,
    444,
    469,
    476,
    484,
    490,
    494,
    500,
    503,
    518,
    522,
    523,
    525,
    526
  ],
  "spectral_gap": 2.750398537074281e-16,
  "runtime": 2.1494555473327637,
  "note": "Incremental GGNI with irreversible damage: u_bar is ramped over n_steps, severed bonds remain zero affinity, and the previous Fiedler vector is used as eigsh v0."
}