{
  "solver": "sa",
  "energy": 0.6868867239266194,
  "fracture_energy": 0.686886723926607,
  "elastic_energy": 1.2395843209616448e-14,
  "severed_bonds": [
    0,
    3,
    7
  ],
  "iterations": 80,
  "acceptance_rate": 0.0375,
  "runtime": 0.014659881591796875,
  "note": "Griffith-aware SA with irreversibility constraint."
}