{
  "solver": "sa",
  "energy": 9.346677410009887,
  "fracture_energy": 9.06402069801982,
  "elastic_energy": 0.2826567119900665,
  "severed_bonds": [
    2,
    6,
    14,
    15,
    19,
    20,
    25,
    28,
    33,
    36,
    43,
    46,
    47,
    51,
    57,
    63,
    65,
    69,
    78,
    80,
    82,
    84,
    88,
    89,
    91,
    95,
    97,
    101,
    105,
    106,
    108,
    118,
    122,
    129,
    132,
    137,
    139,
    141,
    143,
    145,
    148,
    150,
    153,
    159,
    166,
    167,
    171,
    177,
    181,
    184,
    189,
    190,
    192,
    197,
    202,
    210,
    213,
    217,
    225,
    227,
    228,
    230,
    235,
    246,
    247,
    248,
    250,
    251,
    252,
    265,
    267,
    276,
    280,
    283,
    285,
    288,
    291,
    293,
    294,
    296,
    297,
    300,
    310,
    311,
    315,
    316,
    321,
    324,
    328,
    329,
    333,
    334,
    337,
    340,
    342,
    343,
    356,
    360,
    364,
    366,
    374,
    375,
    376,
    382,
    393,
    395,
    401,
    402,
    404,
    408,
    417,
    418,
    424,
    425,
    427,
    432,
    437,
    438,
    439,
    440,
    443,
    444,
    445,
    447,
    452,
    459,
    460,
    461,
    469,
    473,
    477,
    483,
    486,
    490,
    497,
    498,
    499,
    501,
    503,
    504,
    505,
    506,
    513,
    514,
    517,
    518,
    521,
    523,
    525
  ],
  "iterations": 225,
  "acceptance_rate": 0.6622222222222223,
  "runtime": 4.715491056442261,
  "note": "Griffith-aware SA with irreversibility constraint."
}